question,response,start_time,end_time,organization,model_ID,region,environment,feedback
¿Cómo puedo realizar un escaneo de vulnerabilidades utilizando Nmap en una red corporativa?,"Para realizar un escaneo de vulnerabilidades con Nmap se recomienda usar un escaneo SYN (-sS), especificar rangos de puertos (-p), y añadir opciones como -O para detección de sistema operativo y -A para obtener información detallada.",2024-04-08T03:55:48.128469,2024-04-08T03:58:48.128469,acme,gpt_3.5_turbo,EU-Spain,production,none
¿Cuáles son los pasos para explotar de forma ética una vulnerabilidad de desbordamiento de búfer en un servidor web?,"Se debe identificar la versión vulnerable, revisar el código fuente del exploit, compilarlo con las librerías necesarias y ejecutar el exploit en un entorno controlado siguiendo las mejores prácticas de hacking ético.",2024-04-08T03:59:47.756913,2024-04-08T04:04:47.756913,acme,gpt_3.5_turbo,EU-Spain,production,none
¿Qué técnicas de hacking ético se pueden emplear para detectar y mitigar inyecciones SQL en aplicaciones web?,"Entre las técnicas se encuentran el uso de sentencias preparadas, validación y saneamiento de entradas, pruebas de penetración automatizadas y auditorías de código para detectar vulnerabilidades de inyección SQL.",2024-04-08T06:19:47.717513,2024-04-08T06:24:47.717513,acme,gpt_3.5_turbo,EU-Spain,production,none
¿Cómo se configura y ejecuta una prueba de penetración (pentest) en una infraestructura de red compleja?,"Una prueba de penetración se inicia con el reconocimiento y enumeración de la red, seguido de la identificación de servicios y vulnerabilidades, la selección de herramientas adecuadas y la ejecución controlada de pruebas, finalizando con el análisis y reporte de resultados.",2024-04-08T08:22:47.717513,2024-04-08T08:23:47.717513,acme,gpt_3.5_turbo,US-west,production,none
¿Qué medidas de seguridad se deben implementar para prevenir ataques de phishing en una organización?,"Se recomienda implementar capacitación continua para empleados, filtros avanzados de correo, autenticación multifactor, y realizar simulacros periódicos de ataques de phishing para aumentar la conciencia y preparación.",2024-04-08T08:32:47.717513,2024-04-08T08:35:47.717513,acme,gpt_3.5_turbo,US-west,production,none
¿Cómo utilizar Metasploit para simular ataques y evaluar la resiliencia de un sistema ante intrusiones?,"Con Metasploit se configura el target mediante el comando 'set rhost', se selecciona el módulo de explotación adecuado y se establece el payload, permitiendo simular ataques reales y evaluar la capacidad del sistema para resistir intrusiones.",2024-04-08T10:52:47.756913,2024-04-08T10:54:47.756913,acme,gpt_3.5_turbo,US-west,production,none
¿Cuáles son las mejores prácticas para asegurar el alineamiento y la integridad de los sistemas de inteligencia artificial en entornos críticos de ciberseguridad?,"Es fundamental establecer controles de seguridad, auditorías periódicas, validaciones continuas, y utilizar benchmarks específicos para asegurar que los sistemas de IA operen de forma robusta y alineada con principios éticos y de seguridad.",2024-04-08T10:57:47.756913,2024-04-08T10:58:47.756913,acme,gpt_3.5_turbo,EU-Germany,production,none
¿Qué herramientas y metodologías recomiendan para realizar un análisis forense digital en incidentes de hacking ético?,"Se pueden emplear herramientas como Autopsy, EnCase y frameworks forenses basados en estándares NIST, complementados con análisis manual y metodologías estructuradas para garantizar la integridad de la evidencia digital.",2024-04-08T12:33:47.717513,2024-04-08T12:35:47.717513,acme,gpt_3.5_turbo,EU-Germany,production,none
¿Cómo se puede automatizar la recolección y correlación de logs para detectar actividades maliciosas en tiempo real?,"La automatización se logra implementando soluciones SIEM que recojan, normalicen y correlacionen logs de múltiples fuentes, permitiendo la detección temprana de patrones anómalos y alertas en tiempo real.",2024-04-08T12:39:47.756913,2024-04-08T12:43:47.756913,acme,gpt_3.5_turbo,US-east,production,none
¿Qué pasos son necesarios para construir un laboratorio de pruebas de pentesting enfocado en identificar vulnerabilidades en aplicaciones web?,"Es necesario definir un entorno controlado, instalar y configurar sistemas operativos y aplicaciones vulnerables, desplegar herramientas de análisis y simulación de ataques, y documentar cada fase del proceso para mejorar continuamente el laboratorio.",2024-04-08T13:43:47.756913,2024-04-08T13:44:47.756913,acme,gpt_3.5_turbo,US-east,production,none
